experiment,timing,frames_per_second_mean,frames_per_second_min,frames_per_second_max,frames_per_second_sample_sd,stop_us_mean,stop_us_min,stop_us_max,stop_us_sample_sd,max_checkpoint_wall_span_us_mean,max_checkpoint_wall_span_us_min,max_checkpoint_wall_span_us_max,max_checkpoint_wall_span_us_sample_sd,max_idle_gap0_us_mean,max_idle_gap0_us_min,max_idle_gap0_us_max,max_idle_gap0_us_sample_sd,max_idle_gap1_us_mean,max_idle_gap1_us_min,max_idle_gap1_us_max,max_idle_gap1_us_sample_sd,max_residency0_us_mean,max_residency0_us_min,max_residency0_us_max,max_residency0_us_sample_sd,max_residency1_us_mean,max_residency1_us_min,max_residency1_us_max,max_residency1_us_sample_sd,max_backlog_mean,max_backlog_min,max_backlog_max,max_backlog_sample_sd,dropped_mean,dropped_min,dropped_max,dropped_sample_sd
ready-on,0,34201.333,34188,34218,15.275,718.333,132,1012,507.780,0.000,0,0,0.000,16964.667,16793,17302,292.155,7000081.333,6999994,7000227,126.982,0.000,0,0,0.000,6999916.333,6999905,6999934,15.503,1.000,1,1,0.000,0.000,0,0,0.000
ready-on,1,29205.000,29205,29205,0.000,1013.000,1013,1013,0.000,6999880.667,6999879,6999884,2.887,17301.000,17301,17301,0.000,6999996.000,6999990,7000008,10.392,0.000,0,0,0.000,6999907.000,6999901,6999919,10.392,1.000,1,1,0.000,0.000,0,0,0.000
ready-off,0,34267.667,34264,34275,6.351,726.333,153,1013,496.521,0.000,0,0,0.000,17134.333,16799,17302,290.407,7000073.667,6999983,7000255,157.039,0.000,0,0,0.000,0.000,0,0,0.000,1.000,1,1,0.000,0.000,0,0,0.000
ready-off,1,29218.000,29218,29218,0.000,1012.333,1012,1013,0.577,6999878.333,6999870,6999895,14.434,17302.333,17302,17303,0.577,6999989.000,6999985,6999997,6.928,0.000,0,0,0.000,0.000,0,0,0.000,1.000,1,1,0.000,0.000,0,0,0.000
mixed-on,0,35912.667,35898,35925,13.650,721.667,142,1013,502.008,0.000,0,0,0.000,16964.000,16792,17301,291.872,7000082.000,6999992,7000233,131.571,0.000,0,0,0.000,6999915.667,6999903,6999932,14.844,1.000,1,1,0.000,0.000,0,0,0.000
mixed-on,1,30141.333,30128,30152,12.220,1011.667,1011,1012,0.577,6999886.667,6999884,6999888,2.309,17134.000,16799,17302,290.119,7000000.667,6999997,7000008,6.351,0.000,0,0,0.000,6999911.667,6999908,6999919,6.351,1.000,1,1,0.000,0.000,0,0,0.000
burst64-on,0,34920.000,34910,34931,10.536,727.000,155,1013,495.367,0.000,0,0,0.000,16964.000,16791,17302,292.744,7000075.667,6999991,7000245,146.647,0.000,0,0,0.000,6999900.000,6999898,6999904,3.464,128.000,128,128,0.000,203436.667,203380,203498,59.138
burst64-on,1,29692.000,29692,29692,0.000,1011.333,1011,1012,0.577,6999876.333,6999859,6999885,15.011,17302.000,17302,17302,0.000,6999994.667,6999988,6999998,5.774,0.000,0,0,0.000,6999902.667,6999896,6999906,5.774,128.000,128,128,0.000,240022.667,240022,240024,1.155
slow64-on,0,2321.333,2321,2322,0.577,1018.000,1011,1031,11.269,0.000,0,0,0.000,16963.333,16792,17300,291.577,7000293.000,7000133,7000542,218.543,0.000,0,0,0.000,7000121.000,7000041,7000210,84.859,128.000,128,128,0.000,431619.667,431617,431622,2.517
slow64-on,1,2292.333,2292,2293,0.577,1011.667,1011,1012,0.577,7000021.333,7000002,7000031,16.743,17133.333,16798,17301,290.407,7000134.333,7000115,7000144,16.743,0.000,0,0,0.000,7000042.333,7000023,7000052,16.743,128.000,128,128,0.000,431821.667,431819,431823,2.309
burst4-on,0,3999.000,3999,3999,0.000,1020.667,1014,1034,11.547,0.000,0,0,0.000,1055.333,1033,1100,38.682,1143.000,1142,1145,1.732,0.000,0,0,0.000,282.667,145,558,238.446,4.000,4,4,0.000,0.000,0,0,0.000
burst4-on,1,3999.000,3999,3999,0.000,1014.000,1014,1014,0.000,165.000,155,185,17.321,1033.000,1033,1033,0.000,1167.333,1166,1170,2.309,0.000,0,0,0.000,179.000,167,203,20.785,4.000,4,4,0.000,0.000,0,0,0.000
burst8-on,0,7998.000,7998,7998,0.000,1020.000,1013,1034,12.124,0.000,0,0,0.000,1055.333,1033,1100,38.682,1409.667,1258,1713,262.694,0.000,0,0,0.000,409.667,258,713,262.694,10.667,8,16,4.619,0.000,0,0,0.000
burst8-on,1,7997.000,7997,7997,0.000,1013.000,1013,1013,0.000,824.000,824,824,0.000,1049.000,1049,1049,0.000,1837.000,1837,1837,0.000,0.000,0,0,0.000,836.000,836,836,0.000,16.000,16,16,0.000,0.000,0,0,0.000
burst16-on,0,15997.333,15997,15998,0.577,727.333,158,1012,493.057,0.000,0,0,0.000,1088.667,1043,1180,79.097,2261.000,1942,2899,552.524,0.000,0,0,0.000,1261.000,942,1899,552.524,24.000,18,36,10.392,0.000,0,0,0.000
burst16-on,1,15996.000,15996,15996,0.000,1013.000,1013,1013,0.000,1097.000,1096,1099,1.732,1050.000,1050,1050,0.000,2083.667,2055,2098,24.826,0.000,0,0,0.000,1109.333,1108,1112,2.309,20.000,20,20,0.000,0.000,0,0,0.000
burst32-on,0,31992.667,31990,31998,4.619,727.333,156,1015,494.793,0.000,0,0,0.000,1083.667,1041,1169,73.901,18711.667,18388,19359,560.607,0.000,0,0,0.000,17711.667,17388,18359,560.607,82.333,82,83,0.577,0.000,0,0,0.000
burst32-on,1,29699.333,29673,29717,23.245,1013.667,1012,1016,2.082,6999880.667,6999869,6999895,13.204,16947.667,16774,17278,286.203,6999995.667,6999990,7000006,8.963,0.000,0,0,0.000,6999905.667,6999900,6999916,8.963,128.000,128,128,0.000,15973.667,15853,16159,162.927
slow1-on,0,999.000,999,999,0.000,1018.333,1012,1031,10.970,0.000,0,0,0.000,1068.333,1046,1113,38.682,2395.333,2090,3006,528.853,0.000,0,0,0.000,1395.333,1090,2006,528.853,1.333,1,2,0.577,0.000,0,0,0.000
slow1-on,1,999.000,999,999,0.000,1011.000,1011,1011,0.000,1092.333,1091,1095,2.309,1046.000,1046,1046,0.000,2105.333,2104,2108,2.309,0.000,0,0,0.000,1104.333,1103,1107,2.309,1.000,1,1,0.000,0.000,0,0,0.000
slow2-on,0,1999.000,1999,1999,0.000,1018.667,1011,1034,13.279,0.000,0,0,0.000,1061.333,1043,1098,31.754,12704.333,12396,13321,534.049,0.000,0,0,0.000,11704.333,11396,12321,534.049,5.000,5,5,0.000,0.000,0,0,0.000
slow2-on,1,1999.000,1999,1999,0.000,1010.333,1010,1011,0.577,13282.333,13281,13285,2.309,1041.333,1041,1042,0.577,15402.000,15402,15402,0.000,0.000,0,0,0.000,14401.000,14401,14401,0.000,5.000,5,5,0.000,0.000,0,0,0.000
cancel-on,0,0.000,0,0,0.000,1019.333,1014,1030,9.238,0.000,0,0,0.000,1072.667,1042,1134,53.116,1000.000,1000,1000,0.000,100.333,45,207,92.398,76.667,22,185,93.821,0.000,0,0,0.000,0.000,0,0,0.000
cancel-on,1,0.000,0,0,0.000,1014.000,1014,1014,0.000,41.667,31,63,18.475,1040.000,1040,1040,0.000,1000.000,1000,1000,0.000,67.667,56,87,16.862,23.333,22,26,2.309,0.000,0,0,0.000,0.000,0,0,0.000
burst1-on,0,999.000,999,999,0.000,1020.667,1014,1034,11.547,0.000,0,0,0.000,1055.667,1033,1101,39.260,1075.000,1058,1109,29.445,0.000,0,0,0.000,196.667,60,470,236.714,1.000,1,1,0.000,0.000,0,0,0.000
burst1-on,1,999.000,999,999,0.000,1014.000,1014,1014,0.000,65.667,55,87,18.475,1033.000,1033,1033,0.000,1066.333,1065,1069,2.309,0.000,0,0,0.000,80.333,68,105,21.362,1.000,1,1,0.000,0.000,0,0,0.000
burst16-off,0,15997.333,15997,15998,0.577,731.000,167,1013,488.438,0.000,0,0,0.000,1089.333,1040,1188,85.448,2259.000,1941,2895,550.792,0.000,0,0,0.000,0.000,0,0,0.000,24.000,18,36,10.392,0.000,0,0,0.000
burst16-off,1,15996.000,15996,15996,0.000,1013.000,1013,1013,0.000,1095.667,1095,1097,1.155,1042.667,1042,1043,0.577,2087.000,2057,2102,25.981,0.000,0,0,0.000,0.000,0,0,0.000,20.000,20,20,0.000,0.000,0,0,0.000
