experiment,record,platform,scenario,repeat,timing,initial,batch,interval_us,processor_work_us,observer_work_us,frame_limit,run_us,stop_us,frames_per_second,processed,ignored,malformed,generated,consumed,dropped,backlog,max_backlog,source_waits,max_frames_between_waits,max_checkpoint_wall_span_us,receive_calls,receive_total_us,receive_max_us,wait_calls,wait_total_us,wait_max_us,process_calls,process_total_us,process_max_us,frame_observer_calls,frame_observer_total_us,frame_observer_max_us,diagnostic_calls,diagnostic_total_us,diagnostic_max_us,diagnostic_processed,diagnostic_ignored,diagnostic_malformed,running_core0,running_core1,affinity_core0,affinity_core1,idle0,idle1,max_idle_gap0_us,max_idle_gap1_us,scheduler_trace,max_residency0_us,max_residency1_us,residency_segments0,residency_segments1,same_task_reselections0,same_task_reselections1,watchdog_events
ready-on,baseline,esp32,ready,0,0,1,1,0,10,0,4294967295,6999503,147,30116,210804,0,0,210804,210804,0,0,1,0,210804,0,0,0,0,0,0,0,0,0,0,0,0,0,0,0,0,210804,0,0,0,210804,0,210804,6999,823,1166,16630,1,0,16120,0,412,0,1,0
ready-on,baseline,esp32,ready,1,0,1,1,0,10,0,4294967295,7000928,1012,30120,210869,0,0,210869,210869,0,0,1,0,210869,0,0,0,0,0,0,0,0,0,0,0,0,0,0,0,0,210869,0,0,0,210869,0,210869,7001,823,1057,16630,1,0,15643,0,412,0,1,0
ready-on,baseline,esp32,ready,2,0,1,1,0,10,0,4294967295,7000928,1012,30120,210869,0,0,210869,210869,0,0,1,0,210869,0,0,0,0,0,0,0,0,0,0,0,0,0,0,0,0,210869,0,0,0,210869,0,210869,7001,823,1057,16630,1,0,15643,0,412,0,1,0
ready-on,baseline,esp32,ready,0,1,1,1,0,10,0,4294967295,7000928,1012,26942,188622,0,0,188622,188622,0,0,1,0,188622,6999904,188622,924703,9,0,0,0,188622,2299203,17,188622,185674,4,188622,191566,5,188622,0,0,0,188622,0,188622,7001,371,1056,19235,1,0,18287,0,369,0,1,0
ready-on,baseline,esp32,ready,1,1,1,1,0,10,0,4294967295,7000928,1012,26942,188622,0,0,188622,188622,0,0,1,0,188622,6999904,188622,924698,9,0,0,0,188622,2299184,17,188622,185686,5,188622,191569,5,188622,0,0,0,188622,0,188622,7001,371,1056,19235,1,0,18239,0,369,0,1,0
ready-on,baseline,esp32,ready,2,1,1,1,0,10,0,4294967295,7000928,1012,26942,188622,0,0,188622,188622,0,0,1,0,188622,6999904,188622,924698,9,0,0,0,188622,2299184,17,188622,185686,5,188622,191569,5,188622,0,0,0,188622,0,188622,7001,371,1056,19235,1,0,18239,0,369,0,1,0
ready-off,baseline,esp32,ready,0,0,1,1,0,10,0,4294967295,6999520,163,30117,210805,0,0,210805,210805,0,0,1,0,210805,0,0,0,0,0,0,0,0,0,0,0,0,0,0,0,0,210805,0,0,0,210805,0,210805,6999,823,1182,16612,0,0,0,0,0,0,0,0
ready-off,baseline,esp32,ready,1,0,1,1,0,10,0,4294967295,7000928,1013,30120,210869,0,0,210870,210870,0,0,1,0,210869,0,0,0,0,0,0,0,0,0,0,0,0,0,0,0,0,210869,0,0,0,210869,0,210869,7001,823,1044,16612,0,0,0,0,0,0,0,0
ready-off,baseline,esp32,ready,2,0,1,1,0,10,0,4294967295,7000928,1013,30120,210869,0,0,210870,210870,0,0,1,0,210869,0,0,0,0,0,0,0,0,0,0,0,0,0,0,0,0,210869,0,0,0,210869,0,210869,7001,823,1044,16612,0,0,0,0,0,0,0,0
ready-off,baseline,esp32,ready,0,1,1,1,0,10,0,4294967295,7000928,1013,26942,188622,0,0,188623,188623,0,0,1,0,188622,6999874,188623,926917,9,0,0,0,188622,2292561,16,188622,186051,5,188622,190099,5,188622,0,0,0,188622,0,188622,7001,371,1043,19209,0,0,0,0,0,0,0,0
ready-off,baseline,esp32,ready,1,1,1,1,0,10,0,4294967295,7000928,1013,26942,188622,0,0,188623,188623,0,0,1,0,188622,6999874,188623,926926,9,0,0,0,188622,2292572,17,188622,186051,5,188622,190099,2,188622,0,0,0,188622,0,188622,7001,371,1043,19209,0,0,0,0,0,0,0,0
ready-off,baseline,esp32,ready,2,1,1,1,0,10,0,4294967295,7000928,1013,26942,188622,0,0,188623,188623,0,0,1,0,188622,6999874,188623,926926,9,0,0,0,188622,2292572,17,188622,186051,5,188622,190099,2,188622,0,0,0,188622,0,188622,7001,371,1043,19209,0,0,0,0,0,0,0,0
mixed-on,baseline,esp32,mixed,0,0,1,1,0,10,0,4294967295,6999493,145,31996,74653,74653,74653,223959,223959,0,0,1,0,223959,0,0,0,0,0,0,0,0,0,0,0,0,0,0,0,0,74653,74653,74653,0,74653,0,74653,6999,439,1159,16205,1,0,15680,0,438,0,0,0
mixed-on,baseline,esp32,mixed,1,0,1,1,0,10,0,4294967295,7000929,1012,31994,74664,74664,74663,223991,223991,0,0,1,0,223991,0,0,0,0,0,0,0,0,0,0,0,0,0,0,0,0,74664,74664,74663,0,74664,0,74664,7001,440,1042,16205,1,0,15220,0,438,0,0,0
mixed-on,baseline,esp32,mixed,2,0,1,1,0,10,0,4294967295,7000929,1012,31994,74664,74664,74663,223991,223991,0,0,1,0,223991,0,0,0,0,0,0,0,0,0,0,0,0,0,0,0,0,74664,74664,74663,0,74664,0,74664,7001,440,1042,16205,1,0,15220,0,438,0,0,0
mixed-on,baseline,esp32,mixed,0,1,1,1,0,10,0,4294967295,7000929,1010,26947,62886,62886,62885,188657,188657,0,0,1,0,188657,6999888,188657,932855,10,0,0,0,188657,2138477,17,188657,185964,4,188657,201171,5,62886,62886,62885,0,62886,0,62886,7001,737,1046,18754,1,0,17779,0,369,0,0,0
mixed-on,baseline,esp32,mixed,1,1,1,1,0,10,0,4294967295,7000929,1010,26947,62886,62886,62885,188657,188657,0,0,1,0,188657,6999888,188657,932835,10,0,0,0,188657,2138477,16,188657,185957,4,188657,201170,5,62886,62886,62885,0,62886,0,62886,7001,737,1046,18754,1,0,17761,0,369,0,0,0
mixed-on,baseline,esp32,mixed,2,1,1,1,0,10,0,4294967295,7000929,1010,26947,62886,62886,62885,188657,188657,0,0,1,0,188657,6999888,188657,932835,10,0,0,0,188657,2138477,16,188657,185957,4,188657,201170,5,62886,62886,62885,0,62886,0,62886,7001,737,1046,18754,1,0,17761,0,369,0,0,0
burst64-on,baseline,esp32,burst,0,0,64,64,1000,10,0,4294967295,6999488,133,30122,70144,70146,70555,448000,210845,237035,120,128,0,210845,0,0,0,0,0,0,0,0,0,0,0,0,0,0,0,0,70144,70146,70555,0,70144,0,70144,6999,822,1148,16360,1,0,15867,0,412,0,0,0
burst64-on,baseline,esp32,burst,1,0,64,64,1000,10,0,4294967295,7000929,1014,30121,70293,70294,70290,448000,210878,237025,97,128,0,210877,0,0,0,0,0,0,0,0,0,0,0,0,0,0,0,0,70293,70294,70290,0,70293,0,70293,7001,824,1043,16353,1,0,15352,0,412,0,0,0
burst64-on,baseline,esp32,burst,2,0,64,64,1000,10,0,4294967295,7000929,1014,30121,70291,70291,70295,448000,210878,237025,97,128,0,210877,0,0,0,0,0,0,0,0,0,0,0,0,0,0,0,0,70291,70291,70295,0,70291,0,70291,7001,824,1043,16360,1,0,15369,0,412,0,0,0
burst64-on,baseline,esp32,burst,0,1,64,64,1000,10,0,4294967295,7000928,1012,26942,62754,63362,62510,448000,188626,259272,102,128,0,188626,6999890,188626,1038902,10,0,0,0,188626,2193017,16,188626,186658,5,188626,202123,2,62754,63362,62510,0,62754,0,62754,7001,738,1041,18966,1,0,17985,0,369,0,0,0
burst64-on,baseline,esp32,burst,1,1,64,64,1000,10,0,4294967295,7000928,1012,26942,62756,63363,62507,448000,188626,259272,102,128,0,188626,6999890,188626,1038928,10,0,0,0,188626,2193029,16,188626,186657,3,188626,202132,2,62756,63363,62507,0,62756,0,62756,7001,738,1041,18966,1,0,17965,0,369,0,0,0
burst64-on,baseline,esp32,burst,2,1,64,64,1000,10,0,4294967295,7000928,1012,26942,62756,63363,62507,448000,188626,259272,102,128,0,188626,6999890,188626,1038928,10,0,0,0,188626,2193029,16,188626,186657,3,188626,202132,2,62756,63363,62507,0,62756,0,62756,7001,738,1041,18966,1,0,17965,0,369,0,0,0
slow64-on,baseline,esp32,slow_observer,0,0,64,64,1000,10,200,4294967295,7000387,1030,2136,14953,0,0,447936,14953,432858,125,128,0,14953,0,0,0,0,0,0,0,0,0,0,0,0,0,0,0,0,14953,0,0,0,14953,0,14953,7000,639,1108,21345,1,0,20415,0,319,0,0,0
slow64-on,baseline,esp32,slow_observer,1,0,64,64,1000,10,200,4294967295,7000928,1010,2136,14957,0,0,448000,14957,432918,125,128,0,14957,0,0,0,0,0,0,0,0,0,0,0,0,0,0,0,0,14957,0,0,0,14957,0,14957,7001,638,1041,21331,1,0,20349,0,319,0,0,0
slow64-on,baseline,esp32,slow_observer,2,0,64,64,1000,10,200,4294967295,7000928,1010,2136,14957,0,0,448000,14957,432918,125,128,0,14957,0,0,0,0,0,0,0,0,0,0,0,0,0,0,0,0,14957,0,0,0,14957,0,14957,7001,638,1041,21331,1,0,20338,0,319,0,0,0
slow64-on,baseline,esp32,slow_observer,0,1,64,64,1000,10,200,4294967295,7000928,1011,2190,15333,0,0,448000,15333,432541,126,128,0,15333,7000089,15333,86004,11,0,0,0,15333,189312,14,15333,3084591,202,15333,3083938,204,15333,0,0,0,15333,0,15333,7001,336,1041,21144,1,0,20190,0,334,0,0,0
slow64-on,baseline,esp32,slow_observer,1,1,64,64,1000,10,200,4294967295,7000928,1011,2190,15333,0,0,448000,15333,432541,126,128,0,15333,7000089,15333,85998,10,0,0,0,15333,189320,16,15333,3084589,202,15333,3083941,204,15333,0,0,0,15333,0,15333,7001,336,1041,21144,1,0,20160,0,334,0,0,0
slow64-on,baseline,esp32,slow_observer,2,1,64,64,1000,10,200,4294967295,7000928,1011,2190,15333,0,0,448000,15333,432541,126,128,0,15333,7000089,15333,85998,10,0,0,0,15333,189320,16,15333,3084589,202,15333,3083941,204,15333,0,0,0,15333,0,15333,7001,336,1041,21144,1,0,20160,0,334,0,0,0
burst4-on,baseline,esp32,burst,0,0,4,4,1000,10,0,4294967295,7000368,1030,3999,9332,9332,9332,27996,27996,0,0,8,6332,12,0,0,0,0,0,0,0,0,0,0,0,0,0,0,0,0,9332,9332,9332,0,9332,0,9332,7000,7002,1101,1361,1,0,633,0,6666,0,0,0
burst4-on,baseline,esp32,burst,1,0,4,4,1000,10,0,4294967295,7000929,1014,3999,9334,9333,9333,28000,28000,0,0,8,6667,8,0,0,0,0,0,0,0,0,0,0,0,0,0,0,0,0,9334,9333,9333,0,9334,0,9334,7001,7002,1033,1217,1,0,253,0,7001,0,0,0
burst4-on,baseline,esp32,burst,2,0,4,4,1000,10,0,4294967295,7000929,1014,3999,9334,9333,9333,28000,28000,0,0,8,6667,8,0,0,0,0,0,0,0,0,0,0,0,0,0,0,0,0,9334,9333,9333,0,9334,0,9334,7001,7002,1033,1217,1,0,253,0,7001,0,0,0
burst4-on,baseline,esp32,burst,0,1,4,4,1000,10,0,4294967295,7000925,1014,3999,9334,9333,9333,28000,28000,0,0,8,6667,8,1282,34667,5716162,1351,6667,5522155,1341,28000,328668,13,28000,28000,1,34666,36998,2,9334,9333,9333,0,9334,0,9334,7001,7002,1033,1255,1,0,293,0,7001,0,0,0
burst4-on,baseline,esp32,burst,1,1,4,4,1000,10,0,4294967295,7000929,1014,3999,9334,9333,9333,28000,28000,0,0,8,6667,8,1282,34667,5716204,1394,6667,5522206,1388,28000,328669,15,28000,27999,1,34666,36998,2,9334,9333,9333,0,9334,0,9334,7001,7002,1033,1255,1,0,293,0,7001,0,0,0
burst4-on,baseline,esp32,burst,2,1,4,4,1000,10,0,4294967295,7000929,1014,3999,9334,9333,9333,28000,28000,0,0,8,6667,8,1282,34667,5716204,1394,6667,5522206,1388,28000,328669,15,28000,27999,1,34666,36998,2,9334,9333,9333,0,9334,0,9334,7001,7002,1033,1255,1,0,293,0,7001,0,0,0
burst8-on,baseline,esp32,burst,0,0,8,8,1000,10,0,4294967295,7000368,1030,7998,18664,18664,18664,55992,55992,0,0,19,3333,32,0,0,0,0,0,0,0,0,0,0,0,0,0,0,0,0,18664,18664,18664,0,18664,0,18664,7000,7001,1098,1696,1,0,750,0,3667,0,0,0
burst8-on,baseline,esp32,burst,1,0,8,8,1000,10,0,4294967295,7000928,1014,7998,18667,18667,18666,56000,56000,0,0,16,6334,24,0,0,0,0,0,0,0,0,0,0,0,0,0,0,0,0,18667,18667,18666,0,18667,0,18667,7001,7002,1033,1697,1,0,733,0,6668,0,0,0
burst8-on,baseline,esp32,burst,2,0,8,8,1000,10,0,4294967295,7000928,1014,7998,18667,18667,18666,56000,56000,0,0,16,6334,24,0,0,0,0,0,0,0,0,0,0,0,0,0,0,0,0,18667,18667,18666,0,18667,0,18667,7001,7002,1033,1697,1,0,733,0,6668,0,0,0
burst8-on,baseline,esp32,burst,0,1,8,8,1000,10,0,4294967295,7001924,2013,7997,18667,18667,18666,56000,56000,0,0,24,3334,40,2948,59334,4960948,1702,3334,4633604,1696,56000,652660,14,56000,55336,1,59333,65001,2,18667,18667,18666,0,18667,0,18667,7002,6671,1039,2099,1,0,1137,0,3668,0,0,0
burst8-on,baseline,esp32,burst,1,1,8,8,1000,10,0,4294967295,7001928,2013,7997,18667,18667,18666,56000,56000,0,0,24,3334,40,2948,59334,4960997,1702,3334,4633660,1696,56000,652661,15,56000,55335,1,59333,65001,2,18667,18667,18666,0,18667,0,18667,7002,6671,1039,2099,1,0,1137,0,3668,0,0,0
burst8-on,baseline,esp32,burst,2,1,8,8,1000,10,0,4294967295,7001928,2013,7997,18667,18667,18666,56000,56000,0,0,24,3334,40,2948,59334,4960997,1702,3334,4633660,1696,56000,652661,15,56000,55335,1,59333,65001,2,18667,18667,18666,0,18667,0,18667,7002,6671,1039,2099,1,0,1137,0,3668,0,0,0
burst16-on,baseline,esp32,burst,0,0,16,16,1000,10,0,4294967295,6999481,141,15998,37327,37327,37326,112000,111980,0,20,43,3181,64,0,0,0,0,0,0,0,0,0,0,0,0,0,0,0,0,37327,37327,37326,0,37327,0,37327,6999,3819,1166,2897,1,0,1935,0,3500,0,0,0
burst16-on,baseline,esp32,burst,1,0,16,16,1000,10,0,4294967295,7000928,1014,15997,37334,37333,37333,112000,112000,0,0,34,3182,80,0,0,0,0,0,0,0,0,0,0,0,0,0,0,0,0,37334,37333,37333,0,37334,0,37334,7001,3821,1030,2931,1,0,1932,0,3501,0,0,0
burst16-on,baseline,esp32,burst,2,0,16,16,1000,10,0,4294967295,7000928,1014,15997,37334,37333,37333,112000,112000,0,0,34,3182,80,0,0,0,0,0,0,0,0,0,0,0,0,0,0,0,0,37334,37333,37333,0,37334,0,37334,7001,3821,1030,2931,1,0,1932,0,3501,0,0,0
burst16-on,baseline,esp32,burst,0,1,16,16,1000,10,0,4294967295,7000924,1014,15997,37334,37333,37333,112000,112000,0,0,39,3166,80,4351,115166,3296968,1655,3166,2666460,1649,112000,1303328,14,112000,115987,5,115165,125497,2,37334,37333,37333,0,37334,0,37334,7001,3502,1031,3363,1,0,2363,0,3500,0,0,0
burst16-on,baseline,esp32,burst,1,1,16,16,1000,10,0,4294967295,7000928,1014,15997,37334,37333,37333,112000,112000,0,0,39,3166,80,4351,115166,3297011,1655,3166,2666513,1649,112000,1303334,17,112000,115992,5,115165,125497,2,37334,37333,37333,0,37334,0,37334,7001,3502,1031,3363,1,0,2363,0,3500,0,0,0
burst16-on,baseline,esp32,burst,2,1,16,16,1000,10,0,4294967295,7000928,1014,15997,37334,37333,37333,112000,112000,0,0,39,3166,80,4351,115166,3297011,1655,3166,2666513,1649,112000,1303334,17,112000,115992,5,115165,125497,2,37334,37333,37333,0,37334,0,37334,7001,3502,1031,3363,1,0,2363,0,3500,0,0,0
burst32-on,baseline,esp32,burst,0,0,32,32,1000,10,0,4294967295,6999483,134,30118,70271,70270,70270,224000,210811,13084,105,128,1,210331,0,0,0,0,0,0,0,0,0,0,0,0,0,0,0,0,70271,70270,70270,0,70271,0,70271,6999,823,1148,16357,1,0,15357,0,413,0,0,0
burst32-on,baseline,esp32,burst,1,0,32,32,1000,10,0,4294967295,7000928,1012,30111,70270,70271,70268,224000,210810,13107,83,128,1,210745,0,0,0,0,0,0,0,0,0,0,0,0,0,0,0,0,70270,70271,70268,0,70270,0,70270,7001,826,1046,16347,1,0,15347,0,413,0,0,0
burst32-on,baseline,esp32,burst,2,0,32,32,1000,10,0,4294967295,7000928,1012,30111,70270,70271,70268,224000,210810,13107,83,128,1,210745,0,0,0,0,0,0,0,0,0,0,0,0,0,0,0,0,70270,70271,70268,0,70270,0,70270,7001,826,1046,16347,1,0,15347,0,413,0,0,0
burst32-on,baseline,esp32,burst,0,1,32,32,1000,10,0,4294967295,7000928,1011,26942,62874,62876,62875,224000,188625,35273,102,128,0,188625,6999867,188626,1035510,11,0,0,0,188625,2196054,16,188625,186047,1,188625,202143,4,62874,62876,62875,0,62874,0,62874,7001,738,1045,18937,1,0,17982,0,369,0,0,0
burst32-on,baseline,esp32,burst,1,1,32,32,1000,10,0,4294967295,7000928,1011,26942,62874,62876,62875,224000,188625,35273,102,128,0,188625,6999867,188626,1035493,11,0,0,0,188625,2196075,16,188625,186044,1,188625,202134,4,62874,62876,62875,0,62874,0,62874,7001,738,1045,18937,1,0,17939,0,369,0,0,0
burst32-on,baseline,esp32,burst,2,1,32,32,1000,10,0,4294967295,7000928,1011,26942,62874,62876,62875,224000,188625,35273,102,128,0,188625,6999867,188626,1035493,11,0,0,0,188625,2196075,16,188625,186044,1,188625,202134,4,62874,62876,62875,0,62874,0,62874,7001,738,1045,18937,1,0,17939,0,369,0,0,0
slow1-on,baseline,esp32,slow_observer,0,0,1,1,1000,10,200,4294967295,7000380,1026,999,6999,0,0,7000,6999,0,1,2,3166,4,0,0,0,0,0,0,0,0,0,0,0,0,0,0,0,0,6999,0,0,0,6999,0,6999,7000,3836,1114,2505,1,0,1742,0,3500,0,0,0
slow1-on,baseline,esp32,slow_observer,1,0,1,1,1000,10,200,4294967295,7000928,1010,999,7000,0,0,7000,7000,0,0,2,3000,4,0,0,0,0,0,0,0,0,0,0,0,0,0,0,0,0,7000,0,0,0,7000,0,7000,7001,4003,1045,2961,1,0,1962,0,3334,0,0,0
slow1-on,baseline,esp32,slow_observer,2,0,1,1,1000,10,200,4294967295,7000928,1010,999,7000,0,0,7000,7000,0,0,2,3000,4,0,0,0,0,0,0,0,0,0,0,0,0,0,0,0,0,7000,0,0,0,7000,0,7000,7001,4003,1045,2961,1,0,1962,0,3334,0,0,0
slow1-on,baseline,esp32,slow_observer,0,1,1,1,1000,10,200,4294967295,7000928,1010,999,7000,0,0,7000,7000,0,0,2,3000,4,3314,10000,3059181,1692,3000,3004506,1686,7000,84668,13,7000,1407664,202,10000,2013334,204,7000,0,0,0,7000,0,7000,7001,4003,1045,2984,1,0,1984,0,3334,0,0,0
slow1-on,baseline,esp32,slow_observer,1,1,1,1,1000,10,200,4294967295,7000928,1010,999,7000,0,0,7000,7000,0,0,2,3000,4,3314,10000,3059225,1692,3000,3004559,1686,7000,84669,14,7000,1407665,202,10000,2013333,202,7000,0,0,0,7000,0,7000,7001,4003,1045,2984,1,0,1984,0,3334,0,0,0
slow1-on,baseline,esp32,slow_observer,2,1,1,1,1000,10,200,4294967295,7000928,1010,999,7000,0,0,7000,7000,0,0,2,3000,4,3314,10000,3059225,1692,3000,3004559,1686,7000,84669,14,7000,1407665,202,10000,2013333,202,7000,0,0,0,7000,0,7000,7001,4003,1045,2984,1,0,1984,0,3334,0,0,0
slow2-on,baseline,esp32,slow_observer,0,0,2,2,1000,10,200,4294967295,7000376,1026,1999,13998,0,0,14000,13998,0,2,5,555,40,0,0,0,0,0,0,0,0,0,0,0,0,0,0,0,0,13998,0,0,0,13998,0,13998,7000,892,1111,13116,1,0,12116,0,889,0,0,0
slow2-on,baseline,esp32,slow_observer,1,0,2,2,1000,10,200,4294967295,7000928,1010,1999,13997,0,0,14000,13997,0,3,7,334,48,0,0,0,0,0,0,0,0,0,0,0,0,0,0,0,0,13997,0,0,0,13997,0,13997,7001,1004,1042,18324,1,0,17324,0,668,0,0,0
slow2-on,baseline,esp32,slow_observer,2,0,2,2,1000,10,200,4294967295,7000928,1010,1999,13997,0,0,14000,13997,0,3,7,334,48,0,0,0,0,0,0,0,0,0,0,0,0,0,0,0,0,13997,0,0,0,13997,0,13997,7001,1004,1042,18324,1,0,17324,0,668,0,0,0
slow2-on,baseline,esp32,slow_observer,0,1,2,2,1000,10,200,4294967295,7000928,1010,1999,13997,0,0,14000,13997,0,3,7,334,48,22375,14331,623093,1652,334,542430,1646,13997,171300,14,13997,2816722,202,14331,2884198,205,13997,0,0,0,13997,0,13997,7001,1004,1043,19388,1,0,18388,0,668,0,0,0
slow2-on,baseline,esp32,slow_observer,1,1,2,2,1000,10,200,4294967295,7000928,1010,1999,13997,0,0,14000,13997,0,3,7,334,48,22375,14331,623131,1667,334,542478,1661,13997,171304,16,13997,2816720,202,14331,2884198,205,13997,0,0,0,13997,0,13997,7001,1004,1043,19388,1,0,18388,0,668,0,0,0
slow2-on,baseline,esp32,slow_observer,2,1,2,2,1000,10,200,4294967295,7000928,1010,1999,13997,0,0,14000,13997,0,3,7,334,48,22375,14331,623131,1667,334,542478,1661,13997,171304,16,13997,2816720,202,14331,2884198,205,13997,0,0,0,13997,0,13997,7001,1004,1043,19388,1,0,18388,0,668,0,0,0
cancel-on,baseline,esp32,cancel_wait,0,0,0,0,0,0,0,4294967295,7000396,1030,0,0,0,0,0,0,0,0,0,6666,0,0,0,0,0,0,0,0,0,0,0,0,0,0,0,0,0,0,0,0,0,0,0,0,7000,7002,1254,1000,1,268,202,6999,1,0,0,0
cancel-on,baseline,esp32,cancel_wait,1,0,0,0,0,0,0,4294967295,7000928,1014,0,0,0,0,0,0,0,0,0,6667,0,0,0,0,0,0,0,0,0,0,0,0,0,0,0,0,0,0,0,0,0,0,0,0,7001,7002,1028,1000,1,36,23,7000,1,0,0,0
cancel-on,baseline,esp32,cancel_wait,2,0,0,0,0,0,0,4294967295,7000928,1014,0,0,0,0,0,0,0,0,0,6667,0,0,0,0,0,0,0,0,0,0,0,0,0,0,0,0,0,0,0,0,0,0,0,0,7001,7002,1024,1000,1,36,23,7000,1,0,0,0
cancel-on,baseline,esp32,cancel_wait,0,1,0,0,0,0,0,4294967295,7000928,1014,0,0,0,0,0,0,0,0,0,6667,0,1005,6667,6533857,1012,6667,6500513,1007,0,0,0,0,0,0,6666,6666,1,0,0,0,0,0,0,0,7001,7002,1027,1000,1,78,27,7000,1,0,0,0
cancel-on,baseline,esp32,cancel_wait,1,1,0,0,0,0,0,4294967295,7000928,1014,0,0,0,0,0,0,0,0,0,6667,0,1005,6667,6533882,1012,6667,6500546,1007,0,0,0,0,0,0,6666,6666,1,0,0,0,0,0,0,0,7001,7002,1023,1000,1,39,23,7000,1,0,0,0
cancel-on,baseline,esp32,cancel_wait,2,1,0,0,0,0,0,4294967295,7000928,1014,0,0,0,0,0,0,0,0,0,6667,0,1005,6667,6533886,1012,6667,6500549,1007,0,0,0,0,0,0,6666,6666,1,0,0,0,0,0,0,0,7001,7002,1027,1000,1,39,24,7000,1,0,0,0
burst1-on,baseline,esp32,burst,0,0,1,1,1000,10,0,4294967295,7000368,1030,999,2333,2333,2333,6999,6999,0,0,2,6666,2,0,0,0,0,0,0,0,0,0,0,0,0,0,0,0,0,2333,2333,2333,0,2333,0,2333,7000,7002,1101,1145,1,0,541,0,7000,0,0,0
burst1-on,baseline,esp32,burst,1,0,1,1,1000,10,0,4294967295,7000928,1014,999,2334,2333,2333,7000,7000,0,0,2,6667,2,0,0,0,0,0,0,0,0,0,0,0,0,0,0,0,0,2334,2333,2333,0,2334,0,2334,7001,7002,1033,1066,1,0,77,0,7001,0,0,0
burst1-on,baseline,esp32,burst,2,0,1,1,1000,10,0,4294967295,7000928,1014,999,2334,2333,2333,7000,7000,0,0,2,6667,2,0,0,0,0,0,0,0,0,0,0,0,0,0,0,0,0,2334,2333,2333,0,2334,0,2334,7001,7002,1033,1066,1,0,77,0,7001,0,0,0
burst1-on,baseline,esp32,burst,0,1,1,1,1000,10,0,4294967295,7000924,1014,999,2334,2333,2333,7000,7000,0,0,2,6667,2,1076,13667,6323163,1454,6667,6247488,1444,7000,79666,13,7000,7000,1,13666,13666,1,2334,2333,2333,0,2334,0,2334,7001,7002,1033,1077,1,0,105,0,7001,0,0,0
burst1-on,baseline,esp32,burst,1,1,1,1,1000,10,0,4294967295,7000928,1014,999,2334,2333,2333,7000,7000,0,0,2,6667,2,1076,13667,6323206,1497,6667,6247538,1491,7000,79668,14,7000,7000,1,13666,13666,1,2334,2333,2333,0,2334,0,2334,7001,7002,1033,1074,1,0,87,0,7001,0,0,0
burst1-on,baseline,esp32,burst,2,1,1,1,1000,10,0,4294967295,7000928,1014,999,2334,2333,2333,7000,7000,0,0,2,6667,2,1076,13667,6323206,1497,6667,6247538,1491,7000,79668,14,7000,7000,1,13666,13666,1,2334,2333,2333,0,2334,0,2334,7001,7002,1033,1074,1,0,87,0,7001,0,0,0
burst16-off,baseline,esp32,burst,0,0,16,16,1000,10,0,4294967295,6999486,140,15998,37327,37327,37326,112000,111980,0,20,43,3181,64,0,0,0,0,0,0,0,0,0,0,0,0,0,0,0,0,37327,37327,37326,0,37327,0,37327,6999,6680,1164,2897,0,0,0,0,0,0,0,0
burst16-off,baseline,esp32,burst,1,0,16,16,1000,10,0,4294967295,7000928,1014,15997,37334,37333,37333,112000,112000,0,0,35,3182,80,0,0,0,0,0,0,0,0,0,0,0,0,0,0,0,0,37334,37333,37333,0,37334,0,37334,7001,6684,1029,2954,0,0,0,0,0,0,0,0
burst16-off,baseline,esp32,burst,2,0,16,16,1000,10,0,4294967295,7000928,1014,15997,37334,37333,37333,112000,112000,0,0,35,3182,80,0,0,0,0,0,0,0,0,0,0,0,0,0,0,0,0,37334,37333,37333,0,37334,0,37334,7001,6684,1029,2954,0,0,0,0,0,0,0,0
burst16-off,baseline,esp32,burst,0,1,16,16,1000,10,0,4294967295,7000924,1014,15997,37334,37333,37333,112000,112000,0,0,39,3166,80,4351,115166,3296640,1654,3166,2670294,1649,112000,1306500,16,112000,111830,1,115165,126333,4,37334,37333,37333,0,37334,0,37334,7001,3502,1029,3362,0,0,0,0,0,0,0,0
burst16-off,baseline,esp32,burst,1,1,16,16,1000,10,0,4294967295,7000928,1014,15997,37334,37333,37333,112000,112000,0,0,39,3166,80,4351,115166,3296692,1654,3166,2670348,1649,112000,1306505,16,112000,111833,1,115165,126334,4,37334,37333,37333,0,37334,0,37334,7001,3502,1029,3362,0,0,0,0,0,0,0,0
burst16-off,baseline,esp32,burst,2,1,16,16,1000,10,0,4294967295,7000928,1014,15997,37334,37333,37333,112000,112000,0,0,39,3166,80,4351,115166,3296692,1654,3166,2670348,1649,112000,1306505,16,112000,111833,1,115165,126334,4,37334,37333,37333,0,37334,0,37334,7001,3502,1029,3362,0,0,0,0,0,0,0,0
hz100-ready-on,baseline,esp32,ready,0,0,1,1,0,10,0,4294967295,6995578,129,25587,178997,0,0,178997,178997,0,0,1,0,178997,0,0,0,0,0,0,0,0,0,0,0,0,0,0,0,0,178997,0,0,0,178997,0,178997,700,349,10157,25362,1,0,16047,0,350,0,0,0
hz100-ready-on,baseline,esp32,ready,1,0,1,1,0,10,0,4294967295,7009925,10010,25563,179200,0,0,179200,179200,0,0,1,0,179200,0,0,0,0,0,0,0,0,0,0,0,0,0,0,0,0,179200,0,0,0,179200,0,179200,701,351,10034,20532,1,0,15571,0,351,0,0,0
hz100-ready-on,baseline,esp32,ready,2,0,1,1,0,10,0,4294967295,7009925,10010,25563,179200,0,0,179200,179200,0,0,1,0,179200,0,0,0,0,0,0,0,0,0,0,0,0,0,0,0,0,179200,0,0,0,179200,0,179200,701,351,10034,20532,1,0,15571,0,351,0,0,0
hz100-ready-on,baseline,esp32,ready,0,1,1,1,0,10,0,4294967295,7009925,10010,25563,179200,0,0,179200,179200,0,0,1,0,179200,6998642,179200,870808,10,0,0,0,179200,2170698,14,179200,178851,1,179200,179899,2,179200,0,0,0,179200,0,179200,701,351,10033,20479,1,0,18191,0,351,0,0,0
hz100-ready-on,baseline,esp32,ready,1,1,1,1,0,10,0,4294967295,7009925,10010,25563,179200,0,0,179200,179200,0,0,1,0,179200,6998642,179200,870801,6,0,0,0,179200,2170701,14,179200,178851,1,179200,179898,2,179200,0,0,0,179200,0,179200,701,351,10033,20530,1,0,18140,0,351,0,0,0
hz100-ready-on,baseline,esp32,ready,2,1,1,1,0,10,0,4294967295,7009925,10010,25563,179200,0,0,179200,179200,0,0,1,0,179200,6998642,179200,870801,6,0,0,0,179200,2170701,14,179200,178851,1,179200,179898,2,179200,0,0,0,179200,0,179200,701,351,10033,20530,1,0,18140,0,351,0,0,0
hz100-burst4-on,baseline,esp32,burst,0,0,4,4,1000,10,0,4294967295,7005457,10033,3983,9303,9303,9302,27908,27908,0,0,78,467,88,0,0,0,0,0,0,0,0,0,0,0,0,0,0,0,0,9303,9303,9302,0,9303,0,9303,701,701,10100,12597,1,0,2634,0,701,0,0,0
hz100-burst4-on,baseline,esp32,burst,1,0,4,4,1000,10,0,4294967295,7009924,10013,3990,9326,9325,9325,27976,27976,0,0,76,467,88,0,0,0,0,0,0,0,0,0,0,0,0,0,0,0,0,9326,9325,9325,0,9326,0,9326,701,702,10033,12600,1,0,2637,0,701,0,0,0
hz100-burst4-on,baseline,esp32,burst,2,0,4,4,1000,10,0,4294967295,7009924,10013,3990,9326,9325,9325,27976,27976,0,0,76,467,88,0,0,0,0,0,0,0,0,0,0,0,0,0,0,0,0,9326,9325,9325,0,9326,0,9326,701,702,10033,12600,1,0,2637,0,701,0,0,0
hz100-burst4-on,baseline,esp32,burst,0,1,4,4,1000,10,0,4294967295,7009924,10013,3990,9326,9325,9325,27976,27976,0,0,76,467,88,13074,28443,3842888,10353,467,3687603,10344,27976,327536,14,27976,27976,1,28442,31011,2,9326,9325,9325,0,9326,0,9326,701,702,10033,13047,1,0,3087,0,701,0,0,0
hz100-burst4-on,baseline,esp32,burst,1,1,4,4,1000,10,0,4294967295,7009924,10013,3990,9326,9325,9325,27976,27976,0,0,76,467,88,13074,28443,3842935,10396,467,3687654,10391,27976,327534,14,27976,27976,1,28442,31013,2,9326,9325,9325,0,9326,0,9326,701,702,10033,13047,1,0,3087,0,701,0,0,0
hz100-burst4-on,baseline,esp32,burst,2,1,4,4,1000,10,0,4294967295,7009924,10013,3990,9326,9325,9325,27976,27976,0,0,76,467,88,13074,28443,3842935,10396,467,3687654,10391,27976,327534,14,27976,27976,1,28442,31013,2,9326,9325,9325,0,9326,0,9326,701,702,10033,13047,1,0,3087,0,701,0,0,0
hz100-burst16-on,baseline,esp32,burst,0,0,16,16,1000,10,0,4294967295,7005457,10034,10738,25232,25000,24999,111888,75231,36657,0,128,467,367,0,0,0,0,0,0,0,0,0,0,0,0,0,0,0,0,25232,25000,24999,0,25232,0,25232,701,701,10100,16710,1,0,6747,0,701,0,0,0
hz100-burst16-on,baseline,esp32,burst,1,0,16,16,1000,10,0,4294967295,7009924,10014,10594,24523,24756,24988,111968,74267,37701,0,128,467,238,0,0,0,0,0,0,0,0,0,0,0,0,0,0,0,0,24523,24756,24988,0,24523,0,24523,701,702,10033,17087,1,0,7099,0,701,0,0,0
hz100-burst16-on,baseline,esp32,burst,2,0,16,16,1000,10,0,4294967295,7009924,10014,10594,24523,24756,24988,111968,74267,37701,0,128,467,238,0,0,0,0,0,0,0,0,0,0,0,0,0,0,0,0,24523,24756,24988,0,24523,0,24523,701,702,10033,17087,1,0,7099,0,701,0,0,0
hz100-burst16-on,baseline,esp32,burst,0,1,16,16,1000,10,0,4294967295,7009924,10014,8910,20975,20742,20742,111680,62459,49221,0,128,234,268,19335,62693,2837037,10681,234,2494886,10675,62459,728045,14,62459,62459,1,62693,67357,5,20975,20742,20742,0,20975,0,20975,701,701,10033,19308,1,0,9348,0,468,0,0,0
hz100-burst16-on,baseline,esp32,burst,1,1,16,16,1000,10,0,4294967295,7009924,10014,8910,20975,20743,20742,111680,62460,49220,0,128,234,268,19335,62694,2837052,10680,234,2494905,10674,62460,728054,16,62460,62459,1,62694,67357,2,20975,20743,20742,0,20975,0,20975,701,701,10033,19318,1,0,9364,0,468,0,0,0
hz100-burst16-on,baseline,esp32,burst,2,1,16,16,1000,10,0,4294967295,7009924,10014,8910,20975,20743,20742,111680,62460,49220,0,128,234,268,19335,62694,2837052,10680,234,2494905,10674,62460,728054,16,62460,62459,1,62694,67357,2,20975,20743,20742,0,20975,0,20975,701,701,10033,19318,1,0,9364,0,468,0,0,0
hz100-cancel-on,baseline,esp32,cancel_wait,0,0,0,0,0,0,0,4294967295,7005477,10034,0,0,0,0,0,0,0,0,0,467,0,0,0,0,0,0,0,0,0,0,0,0,0,0,0,0,0,0,0,0,0,0,0,0,701,701,10126,10000,1,274,218,700,1,0,0,0
hz100-cancel-on,baseline,esp32,cancel_wait,1,0,0,0,0,0,0,4294967295,7009929,10014,0,0,0,0,0,0,0,0,0,467,0,0,0,0,0,0,0,0,0,0,0,0,0,0,0,0,0,0,0,0,0,0,0,0,701,702,10027,10000,1,37,23,700,1,0,0,0
hz100-cancel-on,baseline,esp32,cancel_wait,2,0,0,0,0,0,0,4294967295,7009925,10014,0,0,0,0,0,0,0,0,0,467,0,0,0,0,0,0,0,0,0,0,0,0,0,0,0,0,0,0,0,0,0,0,0,0,701,702,10023,10000,1,37,23,700,1,0,0,0
hz100-cancel-on,baseline,esp32,cancel_wait,0,1,0,0,0,0,0,4294967295,7009925,10014,0,0,0,0,0,0,0,0,0,467,0,10005,467,4664662,10000,467,4662319,9995,0,0,0,0,0,0,467,467,1,0,0,0,0,0,0,0,701,702,10024,10000,1,79,23,700,1,0,0,0
hz100-cancel-on,baseline,esp32,cancel_wait,1,1,0,0,0,0,0,4294967295,7009925,10014,0,0,0,0,0,0,0,0,0,467,0,10005,467,4664693,10000,467,4662358,9995,0,0,0,0,0,0,467,467,1,0,0,0,0,0,0,0,701,702,10021,10000,1,39,23,700,1,0,0,0
hz100-cancel-on,baseline,esp32,cancel_wait,2,1,0,0,0,0,0,4294967295,7009929,10014,0,0,0,0,0,0,0,0,0,467,0,10005,467,4664697,10000,467,4662362,9995,0,0,0,0,0,0,467,467,1,0,0,0,0,0,0,0,701,702,10024,10000,1,39,23,700,1,0,0,0
